,fb_comment
0,Congratulations Laura
1,Rang u as my smart meter ain't working on screen for dual fuel still can't see what I'm using ? 
2,"I just applied switched to Octopus , but can I check in advanced if my building is qualified to install Smart Meter please? Thank you"
3,What do I need to do to get smart metres...
4,Could of phoned me 
5,I'm sure I was the millionth customer but I missed my phone call off you guys. Happy to take the prize still ğŸ˜¬
6,What about loyal customers? All we get is an increased bill!!!!
7,"Is there any news on coming to northern ireland, I'd love to switch"
8,Fantastic news ğŸ“° 
9,Well done Octopus ğŸ™. Another happy customer!!
10,Hi Iâ€™d like to know when I will get my balance back to my account as have left you now and had quite a bit of money in my account. Thanks 
11,Best decision to join these. So can wait for the final switch day for gas then be happily set. The staff are lovely and everything gets sorted. Wish I could know how to get one of the teddy octopus though as there cute
12,Brilliant. I am so pleased that I changed to Octopus Energy. I will never change! I wish I had found you sooner. ğŸ’–ğŸ’–
13,Well done xxx
14,Octopus is very very active. They installed smart meter at my home in 20 days. 
15,Amazing ğŸ¥°
16,Nice one Octopus Energy & lucky ğŸ€ Laura. Nice to hear it went to a client that it will make a difference too. 
17,Great company with a social conscience.  An acquaintance told me last week that when his mother died in November Octopus waived the debit on her account
18,"Well done, awesome company "
19,Lisa 
20,Switch tomorrow and canâ€™t wait! from Eon Next (previously Npower) had been a customer over 10 years and were out sold to eon who set up a joke of a new company with no decent tarrifs. Lost all our historical data on the npower app when they shut it down with no notice. 
21,We cannot wait to switch to octopus - we are with Scottish power and they harass customers. Price capped for two years and yet within two months increased the direct debit TWICE from Â£93 to Â£161!! They don't even know the meaning of priority neither so we cannot wait to come over to octopus energy.
22,"Brilliant story, well done Octopus Energy!

I put my name down on the waiting list for smart meters quite some time ago but still haven't been contacted. Would you be able to look into this please? "
23,My next one 
24,"All very nice. Lucky lady. But maybe if you put as much into looking after your current customers & rectifying the issues they have, as you did this two millionth one youâ€™d have every single one of your customers happy too ğŸ™ğŸ¤·ğŸ¼â€â™€ï¸"
25,Maureen Jenkins
26,Saw it on The Tonight Programme last night 
27,"Clever stuff , just need an electric car for Â£5k lol"
28,"Great, how can those already got EV take advantage of this? Iâ€™m already an OctopusEnergyCustomer. "
29,Andrew Coventry  ?
30,Nathan Stevenson and Jacqueline Stevenson
31,"Iâ€™m about to change energy suppliers and Iâ€™m interested in green energy.
The problem is that I donâ€™t understand how this works. I take it that I will be contributing to producing green energy, but will receive whatever comes down the line. Please can you explain in laymenâ€™s terms ğŸ˜Š"
32,Octopus Energy  Are you checking emails sent to the hello@octopus as my mom sent one begining of the week and we really need it answered ASAP
33,Why donâ€™t you answer any emails - the most appalling customer service EVER !!!!!!!!!!!!!
34,"I emailed the other day but haven't had anything back.
I've been with you for 13 months, and I want to go from a prepayment meter to a credit meter but want to know if this is possible please."
35,You have sent me a bill for the 13th to 19th February for electricity as a smart meter reading I do t have one and I have my readings in the 13th which you have already billed me for 
36,Any chance of this coming to Scotland?
37,Is anyone available to talk. I have an emergency 
38,"I have had ongoing issues with octopus and their customer services is the worst I have ever experienced.  They are polite, but utterly useless and they do not reply to emails unless you leave them very bad public reviews. They "
39,Hi Octopus. I sent a few emails last week but not heard back yet. Please could you give your support guys a nudge in my direction please ğŸ˜Š ğŸ™ 
40,Very very bad customer Service they block your e mail specialy miss Claudine very rude person!!!!! They make me for one month flat one bed 1039Â£ just for electricity and no one wanna talk with you to help whats is Wrong!!!!!!
41,Why canâ€™t octopus energy answer my questions on my account - I have just fixed another year with you and suddenly Iâ€™m hit with my account being in arrears when itâ€™s always been in credit - so much for customer loyalty as it appears all itâ€™s doing for me is costing me more money and stress 
42,"So i just got off the phone to Octupus Energy and it seems if you have a smart meter already installed and being supplied by another energy company you can NOT switch to octopus energy . Guys please make this more clear to everyone , this could have saved me alot of time waiting to speak to you guys . Its a real shame was looking forward to switching  to you guys had heard good things about you .ğŸ˜¢"
43,"Hey Octopus Energy, 

I've tried calling you guys, but you won't speak to me on the phone unless I have an account number or are looking to sign up with you guys.

I've emailed you 3 times about the matter I want to speak to you about, and have had no response."
44,I switched to you in November but have just had a bill from old supplier even though Iâ€™m paying you also I called Friday someone was meant to call me back have emailed numerous times and nothing not a great impression 
45,"Hi, used to pay my bills from previous company for both gas and electricity Â£95.00 maximum for both. Since I seen your advertisement, your traffic was very cheaper than my previous company so joined with you in December 2020. While I am joining in the very beginning your colleague said there is a problem  with my smart meter and they will fixed in the first week. Now my bill gone up to Â£140 for both gas and electricity for  month of January bill. I brought this concerns to your customer service department and they seems to change the story that if you want to send the engineer to fix the problem I need to pay Â£80. I am totally disappointed with the response ."
46,"Hi can you send me the email address to contact you? I did send one but didnâ€™t get a reply, I am a customer thanks "
47,Canâ€™t wait until my smart is installed so I can benefit from the Octopus Go tariff for my EV charging.  Hopefully wonâ€™t be too long now a clearer COVID roadmap has been announced ğŸ™ ğŸ¤ 
48,Iâ€™ve emailed multiple times and no reply can you get back to me ASAP thanks 
49,"Hi Octopus. I've been trying to reach you by email over the past couple of month and had no response. Smart meter has been out of action for over 6 months now on two separate occasions. I am pleading with you to get this sorted, at my wits end. Can you please look at my emails and get back to me?!"
50,Have just joined you from Thursday.
51,"Why won't it let me submit a gas reading online? It says not installed, but I've been able to submit them up until October 2020. Has no option online to fix this issue"
52,Going. Into our third year with OctopusEnergy very happy 
53,Trying to switch to Octopus but no reply to my emails so far...
54,"Our meter is set up on the wrong serial number. The meter on the website is not mine. I have been trying to get this sorted out for days. When i email it takes a week to reply no matter what it says about your median waiting times. twice i have been told its being sorted and twice nothing has happened.  I still can't see the gas meter online and as of a couple of days ago the In Home Display now wont display gas or electric and keeps rebooting, last week i could at least see Gas on it but now nothing. The usage on the website for electric used to be viewable a day later but now its not updated since sunday so i'm not even sure its still sending you readings. All in all this smart meter is the opposite of smart and i am starting to regret getting it at all! "
55,Emailed a week ago about my smart meter. Not worked since been installed. Can someone respond to my email please
56,I wish I hadn't joined as don't reply to emails
57,"Iâ€™m with eon next after previously been with n power .
If I switch to yourself do I have to have smart meters installed ? 
I do not want them "
58,I am impressed by Octopus energy claim to br Green whilst supplying the same ratio electricity fossil/renewable as everyone else. That means my 4 lite diesel is green because I have a big garden with 60 trees! I feel like David Attenborough! ğŸ˜
59,Absolutely no point!  Joined last year and had my meter swapped out last Sep and Octopus Energy still haven't got it working despite numerous phone calls and emails.  Just keep getting fobbed off all the while still racking up costs under the old scheme.  
60,Not impressed with octopus energy they have taken Â£300+ from my bank this week. Plus my electricity they are charging me Â£153.42 a month. I left my old supp2due to paying that amount. I don't even use that amount in a month. I have sent them emails tried to phone and nothing.
61,Do you guys have an official app ?
62,"I like Octopus Energy but find their customer service shocking.  I sent a request, two-three weeks ago, to have some money returned to my account.  After waiting a week and a half I sent up a follow-up email...nothing.  Last week I sent another email and...nothing"
63,Still waiting for my indoor display unit to register the gas usage. I have been told it being investigated but I canâ€™t believe it takes this long. The display was installed on the 8th January.
64,"You encourage customers to email people rather than call, have median reply times around 1-3 hours yet the reality is that you wait 5-7 days for an email reply, that asks for more info ğŸ¤¯ "
65,"I wanted to switch from my current provider and I emailed 3 weeks ago to the quote email on your website and followed up a week later, I have also emailed facebook@octopus.energy a week ago and have still had no response to my quote. Guess Iâ€™ll try some else as you seem to be no better than my current provider!"
66,"Has anyone picked up my email yet, i was speaking with some one on messenger but we can use the messenger function now if not could someone email me then i can get back to you that way, as seems my emails arenâ€™t being picked up"
67,"Rubbish customer service, really wish I hadn't switched to these now! After sending initial reads, and then when asked sending photos of the readings, this lot tried to say the initial read would be 250kwh higher than it was. Still no response to my emails. Avoid this lot at all costs"
68,"The house we moved in to had a smart meter when we moved in. But was with another supplier and they wanted me to pay an extra 50 a month so I did a comparison switch at a fixed rate with Octopus, the day of the switch my smart meter display stopped working ğŸ¤·ğŸ»â€â™€ï¸ and they said I needed a new meter fitting. And a month after being with them, my ""Fixed rate"" went up by Â£25 quid...that was last month ğŸ¤¦ğŸ»â€â™€ï¸ 

I've now waited in twice for you guys to fit a new meter. Complete no show, didn't contact me to say you weren't coming!

Seriously guys?! What is going on? My first time with Octopus and I'm really not impressed!!"
69,Do you change economy 7 meters to Smart meters
70,Could you tell me how automatic readings are taken please and why they would start being taken randomly after 2 years of being with Octopus and having to submit meter readings instead? Thanks
71,"We were pleased with Octopus initially but then at some stage our monthly DD wasn't covering our usage, and no one informed us. So month by month you're further into debit, and no one told us. Until....... you're way way into debit and now Octopus have kindly informed us our monthly payments will DOUBLE until we are within sight of being in credit and then still be Â£60 to Â£80 more a month. We'll be going elsewhere once the bill is sorted. Thanks Octopus."
72,Can someone from OctopusEnergy message me please. 
73,Hi Octopus. I need my meter moving from inside my house to outside. Is it you whoâ€™d do that or Cadent? Cheers 
74,Rude company! You Cold called me. Before i could even explain I was doing home schooling and if he could call back later as I WAS interested he grunted down the phone at me and hung up. Iâ€™ll pass. 
75,"And because you shouldn't talk the talk if you can't hawk the hawk â€“

Here's Jack, the offending bird, at the scene of the crime. "
76,Sounds like a bit of a 'Hawkward' situation! ğŸ™„ğŸ˜‚
77,Betty Powdrill.
78,You know when they say 'you couldn' t make it up? '.... Well...
79,Ha ha brilliant
80,Talk about Eagle eyed on your consumption!!
81,Paul Holser now this would brighten our inbox of Eclipse queries wouldnâ€™t it ?? ğŸ˜‚
82,Reminds me of Jasper Carrottâ€™s insurance claims lol.
83,I had the exact same thing with my pet dodo ğŸ¤£ğŸ¤£ğŸ¤£
84,
85,ğŸ˜‚ğŸ˜‚
86,What a beautiful bird
87,At least she stayed calm and didnâ€™t fly off the handleğŸ˜œğŸ˜œğŸ¤ª
88,Octopus energy i am a customer of yours have been for some time i moved to this house last july where i had pay as you go metres you changed them for me dual fuel but the last few weeks iv noticed  every morning i come down & the monitor says 29p or 30p  but my boiler is off dont sound much but 30p per day approx Â£9 per month Â£108 a year but my boiler is off can you help
89,"That has to be your coolest customer ğŸ™‚. 
Need to see a pic..."
90,No point hawking on about it!
91,I've emailed you 3 times Octopus Energy  and still no reply. You will not be getting paid if you do not reply to my email 
92,Why am I not surprised dispite sending a email to the facebook team.  I still have not received an answer to my problem. So it seems you are no more use facebook team than the normal emails or phone calls.  All ofyou say you will get back to me (you dont) your sorry (your not) you know how i must feel (you dont) I think you have a sheet of paper to read from.
93,I'd love an ihd but been waiting for a smart meter for over two years. Any time soon guys?
94,Hi Octopus Energy I have just joined with you for my gas and electric. How do I go about gaining an IHD?
95,IHD doesn't pick up electric supply? Any suggestions Octopus?
96,"Hi Oct,
My fixed octopus price is 1060. 26, calcating all my  bills from the day i signed up, i being charged 1,088.88.

Why? I need explanation  and i asked for new quotation as my fix term coming to an end but i was given high quotation."
97,"I need to call you as I'm confused over my bill. The number on your letter and on here say they are invalid. Can you advise of a CORRECT number. I don't want to email, I need to sort on the phone."
98,Is there anyone at OCTOPUS I can speak to privately ğŸ˜¡
99,"Thank you so much â¤ absolute fantastic customer service today, power cut and within 15 minutes of sending an email you arranged an engineer to try and sort things."
100,Please can you reply to my email. Thank you!
101,https://t.co/FUE8jomDhY
102,"Your wheel of fortune is a scam, you need to publish who wins, I don't know of a single winner."
103,I am a smart meter customer of yours so can I have a link for the wheel thing...x
104,I have emailed you and still waiting for a response.  I have since also recieved a debt letter for the previous occupant.  Please could someone get back to me asap to sort this out.
105,Can someone please tell me how to make an official complaint regarding the service I've received?
106,I'm still trying to get a smart meter installation!!!  What is going on with Octopus and or AES
107,I've returned to Octopus after moving to another supplier. Glad to be back to a hassle free supplier and wish I never left!
108,Still waiting for my money.. itâ€™s nearly been a year... wouldnâ€™t trust this bunch at all... total con as far as Iâ€™m concerned 
109,Is there a charge for leaving ???
110,I have emailed to request a quote but not had a response yet.
111,Scam of a company stick your bill up every month never let you know break terms and conditions of contract what a joke !
112,won't respond to my emails; tel number does not work - how on earth can a customer get hold of someone????
113,"IM PUZZLED: for the last 13months, which includes TWO winters, our heating bills have averaged Â£58 per calendar month....we are looking at switching...OCTOPUS team have quoted their LOWEST price - for us - as Â£82 per calendar month IF we pay by DD...that appears to be around Â£200 that we are likely to end up in credit!!!!! DOES THIS SEEM FAIR?"
114,Hey I just sent an email could you have a look please? I sent it to the Facebook email 
115,Can someone from octopus please message me so I can message back thanks
116,This company was taking money out my bank willingly every month for gas and wasn't even supplying me it was another company who have now got debt collecting agrncie of me I think ofgem deserve a call and told about the splendid job they do there
117,OCTOPUS ENERGY Is SIMPLY THE BEST.
118,Octopus-tastic company 
119,Octopus Energy is anybody there?????
120,Very very bad customer Service they block your e mail specialy miss Claudine very rude person!!!!! They make me for one month flat one bed 1039Â£ just for electricity and no one wanna talk with you to help whats is Wrong!!!!!!
121,http://click.octopus.energy/ls/click?upn=gNLZ5SZnEeorylHeEBCuPIL9dwpaplFa63JmtwMgUXafoyQg1tdcnTVDmdbU21a-2BxkoQ3nMBqjSXNHHavYJAVGjZ8YmVZu7vd97hgLSSgbYAYkdb2IC9Gq-2B0lj7hVv5uPzDQJONnUACZUGBNPSxL1vqhsxLWUYvIlmS97MSPYUB-2FHFecOXabo9sKk2Fh6-2FMOc8cq_-2FKw3R2UP-2Fi3OxwaNKHIoC-2BB-2BGM4qIQh0vfnKgmRm4pXXIoyhUtycsiCnEdcp7wsD6QEhTgR0RhY4Ywl3Tp95qukRHcYlL7PYxX63A5FGwrAhDRKcYm-2FB7jc74R-2F3lT9RmxmnNoRt04tjNX8H7xJtm4H0ctSIRAT6xtvBaeut9Ea86IaORHnVY-2Fv3w2OJeWqERDIxHx4wzFpiGUeC1e0ieNIysn2-2F-2FWehfdS7UQH0M-2BPpuGBDgmtjJGR64TEEAAuXRD9Xsyv2hobMlNilwLlYN8c-2FIx3jSoWCJp4HG7y7KUrtowAlEtC-2F8jLVD75VpUbjvIsW1HUxn2NTesKZVCI5yg-3D-3D
122,Gerrup!!! Excellent!! When do the winner get announced from the latest quiz? 
123,Octopus Energy  have you announced / emailed all the winners of last week's pub quiz yet? Thanks.
124,ğŸ‘ğŸ½ğŸ‘ğŸ½ğŸ™ğŸ™ğŸ™
125,Let me guess!! ScottishPower are the worst Again.ğŸ˜‚ğŸ˜‚
126,I sent e-mail yesterday about apply and haven't answer yet. When I can expect answer?
127,"Iâ€™ve requested 2 call backs, called numerous times, emailed and tried via FB. No response, bad show. 3 business accounts lost"
128,We love octopus. Our bill went up initially but has since stayed the same..we've always managed to speak to someone mon-fri 
129,"Hey, I sent a couple of emails yesterday, when  can I expect a reply? Thanks"
130,Excellent news!
131,"I moved to Octopus go one month ago, and the In Home Display still showing old tariff for electricity and no tariff for gas..."
132,Never critical and been with you since you formed BUT smart meter installed December and still itâ€™s not registered for use! Dreadful service and no reply to my email Sunday 
133,Yet I still don't get my refund !!!!!!!!!!!!!!!!!!!
134,Please could I have a smart meter at 84 I find it difficult to take meter readings.
135,Just wondering when we will be having a smart meter fitted as we applied for this in July when we moved house and not heard anything 
136,I have to say I switched from ScottishPower to OctopusEnergy over a year ago and had problems with ScottishPower smart meter had quite a few telephone calls to OctopusEnergy and the calls I have had mostly with the ladyâ€™s have been second to none very helpful keep it up 
137,It was a great post #winningest ğŸ˜€
138,Iâ€™ve sent 2 emails about a ridiculously high gas usage in an empty property.  No reply yet and Iâ€™ve just moved to Octopus but wondering if Iâ€™ve done the right thing 
139,My husband has been trying to get hold of you. You initially replied but our enquiry still isn't sorted. It is urgent we get it resolved as we are moving house. If you could respond it would be appreciated. Thank you.
140,I've sent messages to octopus energy( prepayment@octopus.enrgy) about switching energy till now I receive no response. I don't what's happening 
141,Clearly the bar isnâ€™t set very high if youâ€™re winning awards!
142,What are the unit prices for octopus please
143,Im still waiting for a response!!! Been over a month now for my issue!!! Starting to get annoyed!!!!!
144,"I'd also quite like to get a response to my emails questioning why my monthly direct debit is vastly increasing, seemingly based on a grossly inflated estimate of my gas use. Despite responding on the same day and chasing you up for a response every day this week, it's unacceptable to ignore queries for a company that prides itself on customer service. Hopefully this will be rectified before a massive monthly payment is taken out on the 18th of February"
145,Finally got my key and it seems its working. Does the night rate start at midnight or earlier? Thanks
146,I have just had a smart meter fitted yesterday but when I have just tried to switch to you it's saying I still have pre payment meter
147,Trevor Austin
148,"Well said Octopus ğŸ™ I ,for one will not be changing!!!!!Â¡!"
149,"You put my prices up before this was announced, as a low user."
150,Neither will I.
151,Telephone number
152,I am with Octopus and I have nothing but good things to say  about them
153,"Reassuring to hear, been a customer for a few years and been happy with Octopus. "
154,Thatâ€™s why we moved. Now paying 11.49ppt instead of 16.26. And whatâ€™s unfair is that we left Octopus a month ago and you still owe us money! AVOID!!!
155,Have been with you for 3 yrs nearly I wonâ€™t be changing to another company lovely staff so helpful  too ğŸ™ x 
156,I wonâ€™t be changing!!! Love Octopus!!
157,Found Octopus really good since I switched a few years back...
158,I have contacted octopus on the 23/01/21 and 27/01/21 and all I get is a generic response saying they will get back to me and nobody has... our monthly energy bill has gone from Â£96 a month to Â£138 a month even though we have less people living at the address and less utilities being used...
159,Don't reply to emails
160,Not had any problems with Octopus..much better than being with others that I have been with.
161,I'm with octopus and I have nothing but praise and good reviews for them.
162,Julie Ban ğŸ˜
163,And that's another reason why our household is with you.
164,Are we still paying 5% tax of our gas/electric bill to the EU?
165,We are with OctopusEnergy all the way 
166,"My experience is that Octopus have been really great, theyâ€™re responsive and always very proactive."
167,And this is why I've been happy with octopus ğŸ™ for the past 3 years.
168,"I am with Octopus as well i also don't have a bad word against them, I'm always telling friends to switch over to them. I am extremely happy"
169,Sharee Carlina Cole 
170,Yep been with Octopus for nearly 2 years & had a great experience so far ğŸ˜Š
171,Well done Octopus. You are great ğŸ‘ 
172,Write down your answers. At the end of the quiz weâ€™ll share a link (in the description and the comments) where you can submit your answer. Remember: take the first letter from all the odd numbered answers and rearrange to find a secret code!
173,SUBMIT YOUR SECRET CODE WORD HERE TO WIN: https://octopus.typeform.com/to/SRMn05PS.
174,Thanks Octopus. First-time joining in. Been looking forward to this all day as I'm isolating! Got a couple wrong along the way but we got there in the end. Fingers crossed everyone x
175,Thank you we enjoyed it was a bit of fun and something different to do   
176,I would rather get my billing sorted out rather than playing quizâ€™s 
177,Iâ€™m not happy with how much my heating has to be on in lockdown ğŸ˜¢ costing a small fortune ğŸ¥¶
178,"Good quiz, thank you, something different for a change ğŸ˜ƒ"
179,Great quiz! Thank you! How do we find out if we were one of the winners?? I had to complete the form twice as the first time in my excitement I put the answer instead of my name ğŸ™ˆğŸ™ˆ
180,I did this in the hot tub a bit awkward but got there ğŸ¤£Nice quiz fingers crossed ğŸ¤ ğŸ™
181,You guys are brilliant Octopus Energy was a bit stressful while showering the two kids before bed but fun ğŸ˜‚ğŸ™ğŸ™ğŸ™ğŸ¤ğŸ»ğŸ¤ğŸ»
182,"Thankyou for the quiz, was great to get the kids brains working, and getting people together "
183,How will we know if we win anything or not
184,Got the code so easy thatâ€™s a clever one ğŸ˜
185,"Caught the quiz by chance & was fab thanks, all entered ğŸ™ğŸ¤ğŸ™ğŸ™ğŸ™"
186,People obviously donâ€™t know how to keep answers secret.  
187,Not a fan of having to scroll back a month at a time to get to my date of birth! Took ages ğŸ˜‚ğŸ˜‚
188,The quiz was great but how do I know if I was lucky enough to win anything?
189,"Dr Pepper at the Ready. Whoever says havenâ€™t won, itâ€™s not started yet... letâ€™s have fun"
190,"Blimey, she motored on through those questions with at a fair old pace!
Thanks very much, enjoyable."
191,"Tried to enter my dob and got a calendar and had to click back month by month. Took ages to go back 50 years, perhaps too old to work out how to bring up the easy calendar. "
192,"I rang to find out about moving to you, was told we are open 9-5.....it was 4pm ğŸ¤”"
193,Awesome quiz and so Octopus energy on the scrambled quiz ğŸ˜
194,Like many others I answered within seconds and havenâ€™t heard anything - thought it was the first 500 plus random spot prizes as well.   Hard to believe wasnâ€™t in the first 500 to respond ğŸ˜®
195,Great quiz 19/20 for us! Have submitted but no confirmation just the answers 
196,It says at top Molly will post a link for our answers once sheâ€™s asked her questions x
197,James Prentice
198,Wish youâ€™d spend more time answering youâ€™re emails. 
199,Iâ€™ve been waiting 2 months now for octopus to sort out my smart meter (they installed) any chance I might get this sorted some time this year?????
200,Itâ€™s a shame youâ€™ve got so many alcoholic prizes. 
201,Yes be there
202,Can't wait!! 
203,Can I get an answer to my email please?
204,William Naylor 
205,Do you get a prize for coming last. Cos that might be me ğŸ¤£
206,"Hi, my payment has been received by you but it hasn't been credited to my account. Also my electricity tariff isn't showing on my account. I've emailed twice about the tariff but had no reply. This isn't like you. You're usually on the ball."
207,Have sent email to you well 2 or 3 emails havent heard back yet .concerning my account.
208,Does the little octopus come with it too..very cute ğŸ˜
209,"Had a new meter fitted on 31 dec . It's apparently not connected at your end   
At my end the only numbers I can  see say I've used 32000 units in a month. 
I sent a video which today I was told did t come through. Perhaps someone can call me?"
210,"Nicola, Rhianne"
211,Flick Jane xx
212,Elizabeth Chloe xx
213,Emma Smith
214,David Maclean...
215,"Would love an octopus, almost a much as I would like a reply to my email I sent you on the 3rd January regards to a smart meter. ğŸ˜¡"
216,Simon Edwards
217,Can we buy the octopus toys and where from ğŸ™ğŸ˜
218,Graham Anderson 
219,Alan Woodruff
220,Jess Dale quiz?
221,Scott Smith
222,Margaret Ritchie
223,Matthew Cheyney Pauline Hoban octopus quiz night letâ€™s do it ğŸ‘ŒğŸ»
224,"Hi octopus, Iâ€™m still struggling with my account. I emailed Kirsty yesterday. Youâ€™ve now fitted my second smart meter the week before last.... and Iâ€™m no further forward in terms of getting onto the octopus for tariff 

Is there a way I can escalate within octopus? 

I really donâ€™t want to leave octopus but Iâ€™m not getting any confirmation of whatâ€™s happening and when..... just feels like this could go on for ages??

Pls can you advise....

Thx
Andy"
225,Gemma Louise!!!! Beer!!!
226,James Warwick-Snow  wanna do this 
227,Yat-Keung Lee Yat H Lee Kay Lee quiz night..
228,Yes Jamie Day 
229,3 weeks I am still waiting for my new smart meter to be recognised by Octopus
230,Octopus Energy hello! I was due to call you today regarding my meter install but you are now closed on the phones. It says Facebook chates and emails are still being responded too. Please can someone help! 
231,Lindsey Fellows 
232,Hayleigh Cooper
233,Yes please ğŸ¸
234,Marie Nicholson Kev Woods
235,Hilda Hood 
236,Claire Karen Wright you should do this! x
237,Snap ours over two weeks still not connecting ... 
238,Ross McDougall 
239,ZoÃ« Louise Hickford
240,Caroline Allen 
241,Iâ€™m in! Sounds fun! 
242,Kelly Blaskett  ill email you mate ğŸ˜‚ğŸ˜‚
243,Iâ€™m still waiting for my little octopus ğŸ¤”
244,Gemma Prescot 
245,I've not got the prize from the last one yet
246,Andrew Pollard 
247,"Best energy company  
 5 Starsâ˜†â˜†â˜†â˜†â˜†"
248,competetive rates! that's why i decided to stick with them for another year. i hope this time i finally get to win something at their wheel of fortuneğŸ¤
249,"Brilliant news, congratulations Octopus Energy! Truly the best company and so proud to be a customer. I was just thinking earlier today would it be a 4th year and ... here we are"
250,Fantastic news and well deserved!! ğŸ˜ŠğŸ‘
251,I need help swapping over tried once but utilitia stopped Iâ€™ve sorted the problem with them now but donâ€™t know how to try again 
252,Best ever energy company.  Always someone on the end of the phone. First class service ğŸ‘Œ
253,Well done octopusy Iâ€™ve been with you for 3 yrs now and your a 5 â­ï¸â­ï¸â­ï¸â­ï¸â­ï¸ in my book
254,Good service ğŸ‘. Just wish you could get on with fitting our smart meter - costing a lot more till we can get on to a time based tariff...
255,Brilliant.  I've been a customer for 5 years and love this company.  They deserve every accolade they are given.  They've really shaken up a complacent energy market â¤ï¸â¤ï¸
256,Have octopus put the prices up on 12 month fixed. As i seem to be spend a lot more then i did befoe christmas
257,"Hi, we are currently using a pay as you go  SMETS2 meter, how easy would it be to switch over to you as providers?"
258,"Great company, great rates and great customer service. Best move i ever made."
259,Adam Clark One for your morning meeting mate ğŸ˜‰ğŸ˜‚
260,"Agreed, great company generally, however I'm still awaiting a reply to 2 emails sent in the past week.

Are your turnaround times being affected at the moment?"
261,Best ever would reccomend  well done x
262,"Beware if you want to switch to Octopus Go!! 
Switched thinking I would get a smart meter installed for the â€˜Goâ€™ tariff (as advertised), but have so far been fobbed off meaning Iâ€™m not getting the night rate to charge the car! A pointless switch!"
263,If I join on your tracker scheme how long will it take to install a smets2 meter as I assume tracker requires this? My post code is Rh3  
264,Hopefully you will be able to invest in your website and at least be able to add in usage / consumption  graphs.
265,Well done great company best move i made
266,I dont know how. You cant even reply to emails.
267,Is the Octopus Go tariff ending? Rather confusing e mail received this morning.
268,Brilliant service. Best change i made
269,"Good morning Octopus. I just received a text  purporting to be from you asking for a meter reading, I thought that with a Smart meter this was no longer needed ?? Could this be a scam ??"
270,"Just made the switch, 5th supplier in 6 months, hope I have finally made the right decision."
271,Hi octopus. My smart meter has stopped working if was installed by EDF. I has looked on site checked it is near to meters bit still not working. Can you get readings directly from meters?
272,Alun wind Jones for the Welsh one?
273,How do I contact you privately here on Facebook? 
274,Windsleydale Farm
275,Windy Spinner
276,Totally shit . Swapped to them .  Done nothing but mess up the change . Taken 50 quid from my account on 11 Jan .  Had e mail saying they now got my meter . And get hone tonight and have no power and offices closed
277,No problems with my switch from Scottish power phone calls very helpful 
278,"This company are terrible! They take so much money from you, even when you're not using much electricity! I definitely wouldn't recommend!"
279,Gusthav
280,For the Caerphilly Fan - Windsor Davies 
281,"Wind-ston Churchill
Octopus Energy"
282,PenyFan
283,Windy Lauper?
284,Voltaire
285,Winspindy
286,"Wind beneath my wings
WinDiesel (Vin Diesel)
WinDirection"
287,Octoturny
288,Blofeld
289,"I donâ€™t like on-shore, a massive blot on any landscape - wind should be off-shore only!"
290,Windy Mc Wind Face
291,Turbine McTurbinstine
292,Gustav! 
293,Scott Ashton 
294,Glorious Octofan
295,"Windopus
Heston Blowmenthal
Orlando Blown
"
296,The Tentacle
297,"The idea of electric cars in essence is good, but there are several things against them I think. The battery manufacturing process and the chemicals used, the eventual disposal of the battery, not enough charging locations, but the big one for me is that they are way, way, way to expensive. I'd love one but not at Â£20k - Â£30k â˜¹ï¸"
298,"Battery is totally recyclable. Can be turned into a battery once again. Nothings perfect but given the process for ice which is not recyclable and is not getting power from renewables, the choice is obvious. Electric cars are only more expensive while it ramps up and legacy manufacturers hold onto their ice assets as long as they can. The ones that ramp up now will reap the benefits later on. "
299,Who won this on the competition?
300,I would love to change to an electric car but just wondered what would be the cost ....
301,Marcus Mangnall
302,Gutted I didnâ€™t win this beauty 
303,Can you make the YouTube link clickable?
304,Poor service incredibly disappointed with the lack on communication I have raised an issue and have been promised call back and no one has poor service
305,Great work well done ğŸ‘ . Love being a OctopusEnergy customer best customer service and lot cheaper prices!  
306,Can I ask why I am never able to get the spin game to work when I submit my readings. I have been with you a few months and am generally pleased but this wheel thing never appears when I go to it. I know I have little chance of winning anything but it's annoying not to even get a chance!
307,Looks like you guys had fun producing the video and preparing the draw!
308,Please please choose me  ğŸ¤
309,Good luck everyone. Well done octopus ğŸ‘
310,Well done winner
311,I actually canâ€™t believe this!!! 
312,"Thank you OctopusEnergy for keeping me going this last year, I did your quiz, itâ€™s been strange being home so much , but having you as my supplier takes one thing of my mind, by checking my app and keeping an eye on
My smart meter itâ€™s really helpful.
Thank you all and all the very best to all of you in 2021 "
313,Very good but how do I enter ? I am already an Octopus customer.
314,"As an existing long term customer, his do I enter ?"
315,My daughter said can you not leave ours on the doorstep and give it to the neighbours if weâ€™re out ğŸ™ˆğŸ˜‚
316,Excited
317,Fingers crossed ğŸ¤
318,Congratulations
319,Am a customer and didnt know anything about this
320,"I don't want the car, I want the baby Octopus ğŸ™"
321,Octopus  best
322,Happy New Year to everyone at OctopusEnergy!  You are the best ğŸ¥°
323,Any god link
324,Hi my EO home charger that was fitted in October the lights on the main box continuously has flashing red lights and my bills seem a bit high.
325,Well I have not been contacted so I guess I'm not the lucky winnerğŸ˜­ğŸ˜­ğŸ˜­ğŸ˜­â˜¹ï¸â˜¹ï¸â˜¹ï¸.
326,I'm a customer I think I entered but I dont know will u be able to tell me
327,Please can you reply to my emails? I'm being charged almost double my last supplier and so far the customer service has been none existant.
328,Just wondering if you can help me with a query?
329,Must not be dealing with queries today?
330,"Hey guys, have you closed the messenger contact service? I can't send a message via it anymore and it's not available on your page here either. I don't have a home phone so calling with every small enquiry isn't ideal."
331,Is there a reason I can no longer fb message you I sent numerous messages and no reply. I was supposed to be contacted by you after my smart meter app and heard nothing!
332,Hello Constantine ğŸ–
333,I named my octopus ğŸ™ Orson ğŸ¤£ (other half thinks I'm nuts ğŸ¤ª)
334,at what point do we get the referral bonus? i took one to switch but got nothing
335,Best energy company ever
336,"My daughter loves her octopus u kindly sent out. 
Best company ever. If only you did tv and broadband ğŸ˜"
337,"Signed up my mother in law 2-3 weeks ago, already sorted and both referral bonuses received! 

Absolutely rave about you, your so good I think people don't believe it!!!

As for my octopus, I'm a 50 year old Dad who's kids are desperate for it, ITS MINE ğŸ˜‚ğŸ˜‚ğŸ˜‚ğŸ˜‚"
338,How would I get an octopi? I'm a very happy customer already but have an octopi shaped void in my life... ğŸ™
339,Can someone message me please
340,my smart meters are made by secure so will they stay smart so i can top up online?
341,I need to speak to someone online.
342,"Mine is under my tree, it came today ğŸ™"
343,Mine is called Octopussy  and after having my Smart meters fitted she now has twins  but I can't seem to post the picture
344,
345,I've tried to call but your lines are down so I have emailed you and its urgent. Had new meter fitted Wednesday and now my storage heaters and electric radiators are not working. Had an electrician out today and he said I need to contact you. I have 4 children in a cold house so it's rather urgent. Thank you.
346,"I have emailed you twice about getting my smart meter installed and had no response, been with you 3 months now and getting fed up waiting think Iâ€™ll change suppliers"
347,Any chance Octopus could increase the times for phone lines?
348,Gemma Swiers  do you want an octopus? Xxx. 
349,No point phoning customer services they just fob you off and never get back to you
350,Wait wait - I can get a giant plush octopus for just being a member! 
351,I have sent an email no answer. I want to switch my plan. Thanks
352,"You don't reply to emails either. Never quite known customer service like it. 

Switched to be with you and will be switching away from you in the New Year. 

6months later and the switch to you guys is still ongoing with no resolution and multiple emails ignored."
353,And why aren't you replying to email and messages I've sent you guy's 2 now
354,Hi. Yet again i have been put on 1 rate and my heating wint work. Is this will be goin on every week?
355,I joined up recently  really happy. Easy to do and I've already recieved my referral credit to my account.
356,"Are you likely to get a prepayment system the same as utilita ?, Theirs is a really convenient way of paying especially when you're working and not easy to get to shops."
357,Will it cost more than a Â£100.... asking for a friend ğŸ‘
358,"It's a nice idea, and a 1970 1300 is a great base for this."
359,"Amazing, it's the way to go."
360,Kate Clinton
361,"Any chance they're putting the Tesla sports engine and Porsche wheels on, like their YouTube video 0-60 in 3.7ish"
362,This will be an awesome car when completed. Making an old car new again. 
363,Can't afford an electric car ! ğŸ˜ 
364,Louise Domville Robbins that's what we are gonna win ğŸ˜‚
365,Very greased lightning....
366,The boot is full of engine!
367,I canâ€™t begin to tell you how much I wanna win this!! ğŸ˜
368,"Fingers crossed, would love to win this. Would love to have an electric car but sadly priced out. Don't have to do too many miles each year but I could explore more of Devon and Cornwall guilt free if I had one!"
369,Can I have the engine please?
370,Heu you should reply to your emails and the phone calls i am trying to reach you since 3 days it is urgent 
371,"I have a 1967 beetle,how much is the conversion "
372,that's great but the 6/7 month plus wait for a smart meter to power it is a bit ridiculous!!!
373,I have sent a message please can someone have a look and come back to me!
374,"Urrghh, only been with you several weeks and you are already trying to up my direct debit.
Agile tariff only started today and all of a sudden you estimate that I am going to use much more.
As usual nobody gets back to youâ€” not happy"
375,My first quote was Â£36 my first bill is Â£112 not a happy new customer I want answers
376,"IF ONLY OCTOPUS PUT MORE EFFORT INTO RESEARCHING HOW TO PROVIDE BETTER CUSTOMER SERVICE, ESPECIALLY FOR THE VULNERABLE AND DISABLED....GET THE BASICS RIGHT BEFORE DIDDLING IN FANCY NEW TECHNOLOGY PLEASE!"
377,Iâ€™ve messaged and rang no one to answer me how am I suppose to set up my account if you are not open!
378,Does anyone else get irritated when the octopus energy advert comes on?  ğŸ¤”
379,Hi if my balance is -Â£168 does that mean I owe you that amount or you owe me that amount itâ€™s not very clear on my statement
380,Hi. We need help. Things are now completely out of control. Our account should have been closed and refunded over a month ago. No one we have spoken to seems to be able to fix the problem and refund us what is owed.
381,why icant send you PM anymore?u still cant explane and proof where my balnce is
382,Jamie Nyks
383,Courtney Garnett Tara Calvin Robert Calvin xx
384,Sally Channing
385,
386,Always loved the old VW Beetle. An electric one would be amazing. Best of both worlds. âš¡ï¸ğŸª²ğŸš™ completion entered. ğŸ¤
387,Russell Harmour
388,"Done, have always wanted  one! ğŸ˜"
389,Paula Metcalfe
390,ğŸ¤ğŸ¤ğŸ¤ğŸ¤ğŸ¤ğŸ¤ğŸ¤ Been with octopus for 4 years with no complaints!!  This would be awesome as we are a V. A. G family ğŸ˜ğŸ˜
391,"Wow what a giveaway! I'm a loyal octopus customer, and would love this! Debbie MacGregor Jamie Day 
"
392,Caroline Worsfold xx
393,Deborah Barker Pete Barker Susie Catterall x
394,Love it!
395,Done ğŸ¤
396,Angela Welding
397,Gemma Amanda
398,Octopus...itâ€™s simply efficient!
399,All done ğŸ¤ğŸ¤
400,Jax Hunter
401,A cracking prize and thank you so much for supporting us once again Octopus Energy !
402,"This would be my dream car please, please let me win! My polluting petrol beetle has just died in it's mot and I miss it."
403,DoneğŸ¤
404,"So much less stressful now I'm not with eon, I assume it's a proper bug not that weird looking thing posing as a bug"
405,Melanie Reynolds
406,"Gas can be electric with Octopus, NOT like the rest of them  ~ MONOTONOUS  !!!"
407,Shame that you won't fit smart meters or even normal meters instead of key operated ones when people move into new properties.  Especially after they've been loyal customers for years
408,Keep up the good work
409,Just swapped over  And saving a fortune
410,Well pleased with go apart from not being able to do export with the go tariff I think it is petty
411,"Iâ€™ve been a customer for some years and requested a smart meter since I joined. I emailed the other month and got a very short reply saying you arenâ€™t fitting meters in my area (north Kent).  Do you have any ideas when you will be in that area, Iâ€™ve been requesting for around 3 years now."
412,Grt company keep up the gd work
413,"Love your Facebook updates and your amazing app, so easy to read ğŸ™ğŸ™ğŸ™ğŸ‘ğŸ‘"
414,"Had my Smart meter fitted today. Excellent engineer who worked around my wife & I doing crazy NHS works from home. Really a superb company - this is what gets loyal customers. The same cannot be said about BG who I think Iâ€™m about to go into a legal battle with. Today the Octopus Engineer confirmed BG are in the wrong (as I already knew), in that situation and I can get a report from OctopusEnergy to back up my claim, I couldnâ€™t be more grateful. "
415,"We inherited BG old style smart meters in this house, after I changed to Octopus some 3+ years ago the indoor monitor worked OK to read the meters. It stopped working about a year ago, still turns on and gives the meter numbers etc., but not the current reading. Can Octopus do anything to help, either with a new monitor paired to my existing meters or with new smart meters? "
416,Terrible customer service!
417,...I've just had a very worrying e-mail saying that you're going to have to double my direct debit due to my 'usage' - but I'm out at work all day so there should be hardly ANY usage at all ....and this is the same weird arrangement that BULB tried ...who have an awful reputation for overcharging customers. I changed from them to YOU recently - and now you seem to be getting false calculations from my submitted meter readings too !
418,Terrible!!!! Telephone staff are very sarcastic and patronising. They forget to charge you then it becomes the customers problem!!!! Totally disorganised!!!
419,Best energy supplier we have ever had. Customer Service second to none
420,Hello. Iâ€™m thinking about switching to Octopus from British Gas and your estimates look very attractive. Before going for it can you tell me whether my British Gas fitted Smart meters will be a problem in switching please?
421,Got an ETA yet for fitting smart meters in Plymouth?
422,Has anyone got a referral code as I am planning on switching to octopus. Thanks
423,Hi I know this is a silly question but do you cover wales because I want to transfer from that awful service called british gas.
424,http://click.octopus.energy/ls/click?upn=gNLZ5SZnEeorylHeEBCuPIL9dwpaplFa63JmtwMgUXYQxjpRdOhtgDjbcpNnWd9GCDwQV0hX1m1RLbS3kOqcTkXv5bH4SEN2FLremMa0-2BbsclTR4vEpz-2BAZhNoCNaZvOFUnWjh3NFiLAgjurR9ZFZDbW3YcIn1pGGjtB59erTKmfZ-2BlHUzMkE81is0eGRFx8ayB4_qsoQkqTwcjsAF6S4jPqsQBnTcad2mV8mClxMzu8jx8iziCUdGPl8BCP1lyK9uBEtfih2a0nqNIVaOXbLgtQ-2FtzdWhyyZ22UAuLi1kfNPj-2BD-2FtCzig8-2Fkxq0kdyEePm9ir3Qg9w8IwcqAoAGloBHUIFIKCI-2FIHXyzUAs4YKxDBW-2B543eXBCtbYXIEcj2FI8oyHneD1OiCqEWDgnV2umSxg6cm1wDU9CcMNrZdvKTFLznBs5E59iQ7TPfTz-2BHvW6FqM29kAmfoi2tplBfYgOdmS2SNYUJrc4cDnZ-2FseeROvlt5mqzwc5Lcpm3xmtqBPaol3SIFzGIgBdtz2AHi-2F7SuirBIMlEyP51XJ73R5XDQRDk-3D
425,"Cool nice move, Octopus keep up the good work, meeting customer needs makes companys growğŸ˜‰ğŸ‘"
426,"Hi, despite my constant requests on here, the website and by adding myself to the ""priority queue"" I've still not received an installation date or even an acknowledgement of my request.
I enclose an email I sent you on 27th July also.

Not being funny but it's not as though I haven't tried and I switched in good faith to Octopus energy on the promise I could take advantage of your EV rates and all I've had at the moment is a broken promise.

So I'm giving this one last try. 
PLEASE ACCEPT THIS AS A 7 DAY NOTICE THAT UNLESS YOU CAN SORT THIS MATTER BY GETTING A SATISFACTORY INSTALLATION DATE TO ME IN THIS TIME I SHALL CANCEL MY DD WITH YOU, TRANSFER TO ANOTHER SUPPLIER AND CONTACT THE ENERGY WATCHDOG TO VOICE MY CONCERNS THAT YOU ARE PROMISING CUSTOMERS THE PROMISE OF A CONTRACT THAT YOU CANNOT DELIVER.

7 DAYS"
427,Referal link to sign up and split Â£100~https://share.octopus.energy/smoke-ash-844
428,The Germans won't tolerate the kind of treatment I've received from this company. Two months waiting for a meter to be fitted... still nothing.
429,Chloe Sagar this is who we are with you should switch xx
430,Do you have any incentives for switching to Octopus please?  
431,ive done nothing but ğŸ˜regret move and worry
432,I've entered mine! Good luck all! This would be incredible with little ones in the house. Would keep us extra warm while staying home to protect the nhs.
433,Entered my apple pie cupcakes ğŸ˜Š 
434,Sharna Greatbatch get on this babe weâ€™ll get an apple tree ğŸ‘Š
435,Canâ€™t bake as canâ€™t afford to with these prices ğŸ˜†
436,Referal link to sign up and split Â£100~https://share.octopus.energy/smoke-ash-844
437,Out of interest who did win the bake off?
438,"Oh no, I only entered in the comments! Didnâ€™t know I had to do it on your blog ğŸ˜ ğŸ ğŸ˜¢ "
439,Is anyone answering emails? Been going on for months now and you are still double charging me! 
440,Looks like a greedy octopus sitting on a pile of money... much like Octopus Energy taking money from ex-customers 12 months late due to their own administrative error! Shocking behaviour ğŸ˜²
441,"can you clarify if the warm home discount ""total annual income of less than Â£16,190"" includes working tax and child tax credit values, or just earned income from employment please"
442,Sita Garala
443,Sophie Eleanor Alex Makrides James Bonner
444,Do u do in house displays?
445,They look yummy !.
446,My Christmas cake is cooking nicely ğŸ„
447,@cakeology_huddersfield
448,Bet it smells divine mmm x
449,We made chocolate and grated apple cookies. I forgot to take a photo when they came out so there's only 3 left!
450,I have plenty of apple trees thank you. I also have solar panels generating electricity for the grid..........but I have no Smart Meter ğŸ˜Ÿ How much longer do I have to wait?
451,"We used the good electricity conditions to bake some caramel apple cinnamon buns, just waiting for them to cool before we tuck in. When I say we what I really mean is Meirion Miller did the baking and I'm in charge of quality control "
452,My apple pie/octo-pie entry! ğŸ™â¤ï¸ğŸğŸŒ³
453,"Vegan sausage, apple, stuffing and cranberry sauce ring. ğŸ„ practice ğŸ˜ƒ"
454,Vegan apple chocolate cake topped with pink icing and pink glitter (coincidental its pink like octopus ğŸ˜‰)
455,Itâ€™s a Black Forest Gateaux because we all love forests!
456,how long are messanger replies taking just now? I messaged late Fri night and have nudged twice no reply ğŸ˜¢
457,Seemed like a good idea at the time... Baked apple dumplings!
458,Family effort number 2 this time from Abby Miller vegan apple and Yoghurt loaf with octopus renewable electricity and apple icing. 
459,"Me and my daughter Ava Rose made apple cakes last night, they are very yummy ğŸ’šğŸ"
460,"ğŸ™ !!!! This was so hard, first time baking unsupervised  ğŸ˜„ there were some real touch and go moments. But is my highly so-fish-ticated, over-whale-mingly pink lady apple gin infused sponge octocake"
461,Is octopusâ€™s tariffs for both gas and electric 
462,Alan Badger
463,Good to know tomorrow is going to be renewable energy as I have plans for (alas non apple based!) baking during that period.
464,Lucy Walker late night crumble ;-) 
465,Apple and cinnamon cobbler ğŸ‘©â€ğŸ³
466,"Instead of baking how about dealing with customer complaints. Worst company ever. 

For 6 months been trying to close my account and get my credit amount back.  Numerous calls, emails, no joy. No call back from operations managers, no reply to Facebook messages, just to try and switch to another supplier.  Even the other supplier has gone up with octopus. 

Anyone thinking of joining octopus donâ€™t. Terrible terrible company who care more about baking cakes than serving their customers.  Now having to go to ombudsman to try and see if they can get some joy from this shambles of a company. "
467,Accidentally filled in the form the first time with an email not associated with our account ğŸ¤£ so the 2nd one is the real deal for my entryğŸ¥°
468,"You may want to enable the posting of photos to comments then, if you want us to post our bakes in the comments...."
469,Can't submit pictures but I've made an apple summer crumble and apple banana loaf ğŸ˜‹
470,Great excuse to play with pastry ğŸ˜ğŸ˜‚
471,Archie and Constantine enjoyed making a German apple cake 
472,Apple pie fresh out of the oven!  Celebrating my wife coming home after two weeks away.  ğŸ¥°
473,Salted caramel and apple slice  ğŸğŸ
474,Apple and blackberry pie ğŸ
475,Apple and frangipan tart 
476,This is our effort ğŸğŸ™
477,My 6 year old baking her 94 year old Great Grans apple cake recipe 
478,GÃ¢teau Normand - there is calvados in it!
479,Glazed apple cake! Think itâ€™s a bit sunken but Iâ€™m still pretty proud of myself! ğŸ˜‚ğŸ¥° what a lovely idea @OctopusEnergy ! X 
480,A different kind of apple is used in this cake!!! ğŸ˜
481,"We made apple purÃ©e from our windfalls and used it instead of some of the butter in Barneyâ€™s favourite chocolate cake ğŸ™‚
"
482,Just a simple Apple Crumble! ğŸ˜ƒ But served with a bit of vanilla ice cream canâ€™t go wrong! ğŸ™ğŸ
483,Apple and cider mincemeat traybake â˜ºï¸
484,We didnâ€™t use apples unfortunately but we made a cake for a birthday..... pigs in a muddy hot tub! Perfect for any chocoholic! 
485,Apple Pies
486,Oat scones with spiced apple and vanilla yoghurt icing ğŸ˜ŠğŸâ¤ï¸ thanks for the motivation!
487,Elizabeth Arbon Ellan Arbon Claim your octopus!
488,Still waiting for mine
489,"Thank you Octopus Energy , I am so impressed with your customer service so far! "
490,Ordered ğŸ™
491,
492,Georgina Johnson you still with Octopus?
493,Jayne Amanda letâ€™s do this ğŸ¤£
494,Claire Mc Kervey claim your octopus! 
495,This is amazing! ğŸ™
496,Rob Wilson
497,A lot of Companies could learn a lot from Octopus Energy and it comes to customer relationships one of the best by far
498,Ours is called squidney ğŸ™
499,Tamzin Pearce
500,Rebecca Anne Bennett
501,Lizzy Webster ğŸ˜ƒğŸ™
502,Nicki Way ğŸ™  
503,Mine is by my bed with his family of Octopi ğŸ™ xx
504,Iâ€™d love an octopus ğŸ™ 
505,Do you know how long they take to arrive? Think it's been weeks since I requested one :)
506,Ella Emery
507,Still waiting on my small one from like February lol x
508,Ste Huyton
509,Jean Hamlin just requested a fluffy octopus for Reuben 
510,How do I order one please?
511,Can't wait to get  mine for my little girl ğŸ™ğŸ¦‘
512,What's the point of the referrals? You don't refund any extra account funds when requested!
513,I have had no problems with my refunds
514,"Hello, Iâ€™m with a new provider , however, Iâ€™m paying for my new provider , octopus is also taking money from my account. Could you please advise me on this?"
515,Lisa Middleton
516,"Hello,
Could someone please reply to my DM?"
517,"Can i just say a massive thank you to Lynne and her team who are trying to sort our smart meter issues. My Dad passed away this week and today I received the most gorgeous bouquet of flowers from them, thank you ğŸ˜˜"
518,"Octopus ive sent a dm but its not been looked at yet, any help please x"
519,share.octopus.energy/loyal-loris-243
520,"This is going to be the quickest relationship ever. Quoted Â£55 a month then after 2 months asking for Â£117. Do not be fooled, definitely not the cheapest.   Check the reviews & look elsewhere "
521,Whats the point in installing me new smart meters when youve not billed me for gas for the past 2 months. Now you want send someone out read my meters. WHATS THE POINT ????
522,https://share.octopus.energy/peach-run-137
523,If anyone needs a referral link... Use mine...ğŸ‘ https://share.octopus.energy/funny-wasp-114
524,"Use my code and you can Â£100 off your first bill!! ğŸ™ ğŸ™ 

share.octopus.energy/aqua-duck-826"
525,Thinking of switching supplier? share.octopus.energy/nice-woods-963 use my link and you get ***Â£100** credit when you join ğŸ¤— ğŸ™ ğŸ¥° that'll keep the radiators nice and warm! Do let me know if you use my code so I can thank you personally ğŸ’œ
526,I will start recommending you to others when you've sorted out my gas meter. You've only had since April....
527,i submitted my september readings and got the wheel spin but no fluffy octopus! ğŸ™ 
528,We had smart meters with octopus in our old house and moved to a new build and the smart meter only reads the electric not the gas... Sigh
529,"Fantastic company and great service, if you click on our link you will get Â£100 ğŸ™ğŸ™ we will also get Â£50 for referring you, which means we can put our shorts on, crank up the heating and pretend weâ€™re actually on holiday ğŸ¥µ

https://share.octopus.energy/warm-hare-298"
530,https://share.octopus.energy/airy-cat-856
531,Magdalena Borkowska Dos Santos Gianluca Critelli x
532,I've just recommended a friend he's just switched to octopus and not received anything
533,Cristina Santos 
534,share.octopus.energy/neat-eagle-61
535,"Been trying to get my gas meter fixed since May, itâ€™s locked so no readings.... been months back and forth, apparently an engineer came out but as we work full time and had no communication it was missed!!!! Now waiting again for another visit and better be emailed with dates confirming, but still waiting. 
No gas readings since April, imagine what they are going to bill me for hardly any gas useage past few months. "
536,"Fab offer. We are with them and a proud electic car driver. ğŸ”Œâš¡ğŸŒğŸš—  join now, use our code and anything u want to know about electic cars do ask. ğŸ˜ğŸ”ŒğŸ‘
http://share.octopus.energy/dawn-quoll-162"
537,Colin Shearer Katherine Perrin Rebecca Deaves 
538,I have an account but the link is blank and I have 2 people waiting to sign up? Please can you help?
539,share.octopus.energy/pearl-hero-537
540,"I signed up, but panicked and canceled, but now I've had time to think about it and the idea that no company could be worse than British Gas, I've tried to reapply and it won't let me...."
541,Thank octopuses energy for my for putting on my W H D applied so quickly fab service 
542,https://share.octopus.energy/cream-woods-232
543,Hayley Gray
544,I've been waiting for months for a smart meter - after being told that the egineers wouldn't fit them because of Covid and I'd hear after 2 weeks! In the meantime I'm losing money because I'm not being paid for electricity that's going back to the grid.
545,Hereâ€™s my code for an extra Â£100 pound when you sign up to ğŸ™.         https://share.octopus.energy/pink-snake-82
546,Not equal opportunity then lol
547,Octopus I messaged you re my balance
548,Since employment policy is to give preference to BAME applicants if you aint one dont bother wasting your time applying
549,"Well done Octopus, you've got all the snowflakes triggered by this post ğŸ˜‚"
550,Fabboffer they have Â£100 credit. Get joining them. We love them.  http://share.octopus.energy/dawn-quoll-162
551,"Octopus Energy my referral link says Â£200 to split between a referral, when you click on my referral link it says Â£50 each "
552,Lisa Middleton
553,"Please beware of these cowboys, they will reel you in with a cheap quote, then after a few months, you will all of a sudden get  a bill saying you owe Â£400 odd pounds. Keep looking. "
554,Why don't energy providers reduce domestic costs during UK lockdown to help their customers
555,Brilliant customer service experience thank you.
556,Rebecca Rogers
557,Michelle Martin xx 
558,"Great deal if you are considering switching, I can share a code if anyone doesnâ€™t have friends or family with octopus "
559,"Brilliant company and idea! Cheaper rates than most, no exit fees and they don't insist on a smart meter although it opens a whole new world of tariffs if you do. This video might be useful and there's a referral link in the video description
https://youtu.be/Z4nQxiGl2b0"
560,Liz Cooper
561,Jorge Saavedra fyi
562,Anyone want a code? Darren Freya Katy Johanne Kirsty Lynn Jamie Calum 
563,Aww I wish I had noticed the referral reward a few weeks ago. I advised my daughter to use octopus  and she signed up ğŸ™ğŸ˜Š
564,Claire Hird get joining lass
565,Deanna Roberts
566,Louise Enos
567,Anyone fancy a code?
568,He's my code if you want to switch with me share.octopus.energy/anew-ditch-646
569,Michelle Lilley
570,https://share.octopus.energy/super-ash-239
571,Ben Roberts
572,Still waiting for some communication from you!! 
573,Lets hope this includes referrals made that have not switched yet - ie next Monday! Eh Aron Hizzett
574,Catherine Lindstrom ğŸ˜‰ğŸ˜‰ğŸ˜‰
575,"ğŸ™ğŸ‘‡                                  
 https://share.octopus.energy/olive-moose-194"
576,I just cancelled my switch (this morning) and I now want to come back will I be entitled to the 100? If I use my friends code?
577,"If your tempted please feel free to use our code so we both get Â£100 ğŸ‘ğŸ‘ğŸ‘

https://share.octopus.energy/warm-hare-298"
578,"Hi Folks,

Been referred by a friend and in process of joining, haven't sent meter reading in yet.
Would I be eligible for the 100?"
579,Lorna not sure if any use to you? I've found best price for our bills
580,If anything wants a code please PM ğŸ¤— take care!! I Love this company!!!
581,I am a Safety expert . Can also be of help .
582,In the uk ??? Nope in England only when you read the article and as per norm mainly London and south east a few else where. And they are graduate jobs 
583,Sam Patterson.worth a shout
584,Orkney already is...
585,Good point about jobs only in England ..... We buy electricity in Wales and Scotland too.....
586,Octopus Energy keep off Facebook as its full of know alls and know nothing. 
587,Great news from a great company! The best Iâ€™ve ever used in my lifetime ğŸ˜Š
588,Maybe some of those 1000 jobs will help to get smart meters installed. I moved my energy account in April and Iâ€™m still waiting for my meter to be installed. It was supposed to happen today and got cancelled. You would have thought that someone would have notified me but I had to call up to find out what was going on. Was offered another appointment in 3 weeks time which will probably be cancelled again. Not very impressed at all and will be looking to move my account as soon as I am able.
589,Great company ~ Octopus ~ glad to hear your news on job front.
590,My mam currently left u and is still waiting for her money back from ur selfs after she has emailed u to request this 
591,"And then you allowed yourself to be used by the Tories to greenwash their image. Do that again, you'll lose my custom. They are responsible for many more job losses than you will ever create, and have killed many more still with their inept handling of the pandemic."
592,My energy supplier is ğŸ™ Octopus and the prices are very competitive and customer service second to none.
593,As a result of Mr Johnson visiting you today I will be leaving you shortly.
594,Great story but to have that clown visit is embarrassing
595,Seriously reconsidering my allegiance to your company given your brush with politics yesterday. The WWF suffered from getting in bed with Cameron. 
596,"Saw the news yesterday!

Allegedly the most corrupt, lying and incompetent PM in history gave your hq a visit. Is Octopus a tory party donor?"
597,Most days Scotland is self sufficient in renewable power
598,Shame itâ€™s so hard to switch 
599,To octopus 
600,I had my smart meter installation about a month ago yesterday I received the link to change to Agile but it then says your meter is the wrong type your agent was not helpful at all yesterday and has stopped replying to my emails can you please help ? 
601,I wouldnâ€™t even go with this company! At first it was great now they keep upping the price over and over they installed a meter that wasnâ€™t taking readings then charged me through the roof for it theyâ€™ve upped the charges 2 weeks before my direct debit is due without my consent during this pandemic when I may not even be able to afford it! Charging me Â£92 alone for electric when thereâ€™s only 3 rooms in my entire tiny house I checked my usage which is 47-50 a month Iâ€™ve emailed and messaged on Facebook and they just ignore you. Still waiting for a reply since Saturday or Sunday. Itâ€™s now Wednesday.
602,Octopus energy is a scam. I am being charged 16p per KWH for my electricity while I wait for smart meters to be fitted so I can go on the Go/Agile tariff for my Electric Vehicle. They canâ€™t give me any indication of when I can expect the meters to be fitted. Very disappointing. Time to switch?
603,"Oh dear.....am l the only happy customer? 
"
604,"Joy James, you probably are !"
605,"It all seems very funny, I have been with them for two [plus years and I have never had a problem, they are always quick efficient and most helpful, and their prices are fair, keep it up Octopus!!"
606,"Excellent news, Iâ€™ve spent time over there, some great techie geeks who will really embrace the concept"
607,Android app?
608,"Danny Shetterley when these guys hit Indiana you should compare prices, they're cheap as chips here in the UK "
609,Iâ€™m from the UK can I share my referral link to my friends in America to join?
610,
611,"Texas, Oklahoma, Kansas, Nebraska, Iowa all receive a big percentage of their power supply from the wind. On a spring or autumn day a swathe of states from the Canadian border to the Gulf of Mexico can be getting over 60% of power supply from wind. "
612,"Only recently swapped to octopus but really happy so far. Easy transfer, loads of communication, monthly meter readings so no estimated bills. Really good ğŸ™ğŸ»ğŸ‘ğŸ»"
613,"Great news, good luck guys! ğŸ‘ğŸ½"
614,"Before you dash off to the States, can I ask.....Do you do a priority customer service for dual fuel users , over 70, with medicak problems ? Such as is done by the water board!?"
615,Do referral codes work for US customers? I ha e friends and family in texas I'd love to share them with
616,Donâ€™t ruin it for UK customers by expanding it the USA. Too many firms have found it did not fulfil all its promises. 
617,This is amazing news...  well done  :) 
618,Good luck
619,Amazing news ğŸ‘ŒğŸ»
620,"Congratulations, it's always good to see a good company prosper. "
621,"God help America as Iâ€™ve never known a company who supposedly pride themselves on there customer service being so unutterably bad at customer service. The level of of outright incompetence, misinformation and lack of any care for there customers beggars belief ğŸ˜¡ğŸ˜¡ğŸ˜¡"
622,"Go for it Octopus, it was a great choice of mine to switch to you"
623,Maybe you need to focus on sorting out your customer service here in the UK before expandingğŸ¤¦â€â™€ï¸
624,I would be more impressed if you worked with the UK government to ensure that all your customers could have functioning smart meters instead of offering a smart tariff for electric car users and then doing nothing to install smart meters for tens of thousands of rural customers for over 15 months. And blaming it on the lack of a Wide Area Network doesn't wash; it's your job to sort that out. Sort out your UK operation. 
625,Why donâ€™t you provide energy in Northern Ireland?
626,"I agree with Rebecca,
Why donâ€™t you ( Octopus) answer emails which were sent to you 3 days ago?"
627,"Initially pleased with my switch, but of late your customer ""service"" has gone to hell in a handcart. You're STILL trying to take direct debit payments from my account when I'm on a KEY METER, which I asked you to change in JUNE, and you STILL can't give me any idea of when (more like IF!) I'll get a regular meter. AND, I'm STILL waiting on a refund on the credit I've built up! NOT A HAPPY BUNNY!

Thinking you're now too small to cope, too big to care."
628,Always been the best but canâ€™t even get a reply and no phone answering. 
629,"Hi
I've sent 20+ email to your CEO and management. No one is getting back to me on how you will resolve an error you have already acknowledged as your fault.
This is extremely unprofessional, you are not responding to any email and you are not trying to call me either. This is the type of customer service I expect from back street organisation."
630,"Ohhh fab. Can they use referrals. If so here you go. X ğŸ‘ğŸ”ŒğŸŒğŸ˜ğŸš—âš¡
http://share.octopus.energy/dawn-quoll-162"
631,I sent a request for you to contact us for the winter fuel scheme when it opened on your website for my disabled child but heard nothing back... has it already passed?
632,"Do we offer Home display unit if so which one as the one im currently using a Naff one,im considering switching you see..Thank you"
633,Lisa Middleton
634,I had an email about you are now sending people out to read meters or I can submit my own reading online. I have a smart meter so can you just take a reading remotely?
635,â¤ğŸ™ğŸ‘ğŸ™
636,"Hi, I emailed last week about my LandG e470 Smart Meter doing a grid draw of a constant 100w while   I am off grid using my Tesla Powerwall battery. I understand you are aware of the issue having worked with L&G and Tesla and are replacing them for Powerwall users. I also understand that you will be doing a blog post to explain the issue, but can someone get back to me about a meter replacement and account credit for the phantom grid draw. Thanks."
637,Still waiting for  a smart meter xx
638,Hi guys any news on my application for agile export tariff thatâ€™s been ongoing for over 4 weeks. Cheers Paul 
639,Are other people who are being moved to Octopus from GoEffortless concerned they haven't heard from Octopus within the promised 7 days? Just worried I'll be forgotten and left without power!
640,Iâ€™m still waiting for a smart meter installation after transferring specifically for the ev friendly tariff...
641,If my parents are on the co op tariff and refer me to join up with you will we both get the Â£50 referal bonus?
642,"Could you explain why you have put my D/D up by Â£22 a month,with out communicating with me first "
643,"You finally gave me a date for fitting a smart meter but I couldnâ€™t make it and now youâ€™re not giving me one at all.  Itâ€™s not great, Iâ€™ve been waiting for an smart meter since Easter time.  My utility bills have been sky high and I wish I had never changed supplier but did it because youâ€™re meant to be more credible and ethical.  You might look great on social media but you donâ€™t deliver.  Iâ€™m going to have to start looking for a different supplier as Iâ€™ve just about had enough of trying to get any smart meter fitted with you"
644,Can I please have a reply to my emails. Bilail seems to be ignoring me ğŸ˜¥
645,I was thinking to swapping to octopus energy but real all comments and not one good one even tho ur ment to be cheapest
646,Has anyone ever won on the free spin game? ğŸ˜‚
647,I instigated my switch to Octopus Energy at 1am this morning after reading Whichâ€™s reports and customer testimonials .. my switch is set for 2nd October! And Iâ€™m looking forward to receiving my Â£50 referral credit to my account. Iâ€™m looking forward to joining what sounds like the best energy company x
648,My brother invited us to join octopus . Weâ€™re are now with your company . When does my brother get the Â£50 for inviting us .? 
649,"On 6 May 2020 I told Octopus that my night meter was broken so I have no heat. They told me I must have a smart meter at a date convenient to their sub-contractor - 9 October, plus up to 2 weeks to connect â€“ OVER 5 MONTHS. Draw your own conclusions.  "
650,"Dont bother using email. I just got a reply from Octopus from an email sent 5 days ago.  Best bet is to use messenger. Still waiting to switch to Agile after a SMETS2 meter was installed 2 weeks ago.  Didnt connect whilst the engineer was here, but is now.  I have not even been told if they can now see it.  If the lack of communication continues I will be forced to switch again!"
651,"Will you tell Oliver to respond to my e-mail. I got a message from him to say my payment weâ€™re going up by Â£30.00 a month so that I could be in credit all year round. Iâ€™ve told him Iâ€™m not accepting the payment increase because as it stands Iâ€™m up to date. And if I use more than my direct debit Iâ€™ll pay the extra monthly.  Iâ€™ve looked at my account and you have put it up by an extra Â£30.00 a month.  I will be taking you to the financial ombudsman if you take more money from me than I am using, Iâ€™ve got the first e-mail from Oliver and also my response to his. "
652,EON fitted my smart meter quickly 
653,Door to door selling during a pandemic is irresponsible.
654,Iâ€™m also still waiting for a smart meter
655,"Good morning, Can someone please reply my message? Thank you "
656,We signed up with a sales representative who knocked on our door in July. Signed us up to a great deal. Cheaper tariff than we were paying with EDF. Sadly our first bill comes through and we have to increase our monthly payments. Surely this is wrong????! Same has happened to 3 neighbours who signed up with the same person. He got his commission and we are left paying more each month?!?!?!
657,Sharyn Shantie Hughes-Ward
658,"Hi Octopus Energy Iâ€™ve sent two emails but as yet no replies, youâ€™ve said replies on 16 Sept was responded within 5 hours. I wish for you to supply me with energy."
659,Iâ€™m sorry but I think thatâ€™s shocking!
660,"ohm-y, what a great idea"
661,"The career you are in can influence the type of car you drive. For instance, many electricians prefer a volts-wagon."
662,I would give it my best go. But I just donâ€™t think I have the energy 
663,"Octopus ğŸ™,  energy that wonâ€™t â€˜arm the planet "
664,"Hello, how long does it take Octopus Energy to bank cheques? I posted mine about a fortnight ago and the money still hasn't come out of my account. I've had a reminder email. It's not my fault the cheque hasn't been banked!! Don't bother telling me about the joys of Direct Debit - not interested."
665,"Hi Octopus, could you please update me on the complaint I escalated last week. Still havenâ€™t had a response let alone an acknowledgement.
Thanks."
666,"I think my last bill was a joke! Dd gone from 80 a month to 180 a 
Month. Someone's having a laugh."
667,"Try having solar panels and a smart meter in an area with poor mobile signal - I'm putting in a complaint this morning because our installer thinks we're being charged for the energy we're producing!  No payment adequacy for us more a case of ""computer says no."""
668,"PLEASE CAN YOU STOP YOUR SALES PEOPLE KNOCKING ON MY DOOR AT 8:15pm. I DONT CARE HOW OLD AND GRUMPY I SOUND, THE LAST THING I WANT IS A LONG CHAT ABOUT SOMETHING I DONT WANT, THIS LATE AT NIGHT"
669,"Still waiting for my smart meter after signing up at the end of December.  Obviously I understand that Covid was very disruptive, but installations have been up and running again now for several weeks.  I'm thinking about going back to Good Energy, as the smart meter was the only advantage over them."
670,Who in your organisation deals with escalated complaints?
671,The worst move I ever made was going wit Octopus Energy I never know where I stand with my bill last month they they never took the direct debit and want me to pay double this month. Green company the idiot staff are GREEN LIKE A CABBBAGE
672,Any better than bulb??
673,They are friendly on the phone but in reality they only think of their interest 
674,"ive always recommended octopus but now that i have a problem im getting no where or any advice as to what to do after phone calls and emails, my electric has gone up from Â£28 a month to Â£96, i sent in readings and got a reply saying after looking at your readings we can confirm that they are correct. of course they are correct i sent them in. "
675,Lisa Middleton
676,If I generate electricity and have a smart meter how can I benefit from this technology
677,We love our solar panels
678,Amazing ğŸ‘ ğŸ‘ ğŸ‘ 
679,Love some but can't afford!!
680,"Why do you keep sending me emails to say you are putting my payment up when 1. Im not in arrears and 2. Ive not authorised you to do it. This is the third time you have emailed me stating this and im getting sick of it.  If i thought i was in debt which i am not, i woukd pay it, and not for you to just please yourself"
681,Can I just check what the response time is to an email enquiry. I sent one on Friday evening and I wasnâ€™t sure if you would respond over the weekend or today? Thank you.
682,Hi can you tell me what your response time for emails is? I sent an email yesterday morning and it's quite urgent. Thanks.
683,Oh dear! I just switched to Octopus a week ago and am having problems with their customer service already refusing to honour a referral code. Reading these comments has totally made me wish I hadnâ€™t switched ğŸ¤¦ğŸ¼â€â™€ï¸
684,"Hi, its now 12th August, Mid heat wave and my prices have shot up on Agile - with ll this solar green energy I thought they would have dropped with so much sunshine... Please explain this to me as I am interested.   Thank you."
685,I was thinking of joining .but chat person said i would have to pay 2 standing charges as i had 2 meters..never heard of any company doing that
686,Yes Gideon Johnston that is true with most or every energy supplier as they have standard charge for each meter used
687,"I have a major issue with Octopus Energy as well. I have paid Â£107 religiously every month by direct debit and recieved an email yesterday that they'd be collecting my monthly direct debit of Â£148. When did we ever agree to a Â£40 increase???!!!!!! I will be changing supplier. I've seen people complain about you guys and I've just kept my mouth shut not understanding what they're on about because you always seemed fair to me, BUT YOU'RE NOT!!!! In a time when people are barely hanging on you feel it's appropriate to increase my bill by nearly 50%. I think not!"
688,"Good Morning,
I emailed on Friday 28th at 10.09am, your response time was quoted as 3 hours, emailed again yesterday and have not yet received a reply."
689,I have applied to switch to you but prev supplier objected. Sorted that but you have not respinded to 3 emails asking for an update on moving. Other company took my dd for sept and seem to think i have anothercontract wirh them pretty pissed off. Can someone message me to move this on
690,"PLEASE CAN YOU STOP YOUR SALES PEOPLE KNOCKING ON MY DOOR AT 8:15pm. I DONT CARE HOW OLD AND GRUMPY I SOUND, THE LAST THING I WANT IS A LONG CHAT ABOUT SOMETHING I DONT WANT, THIS LATE AT NIGHT"
691,"We left Octopus on 29th June and they are still holding our overpayment of Â£330. We have rung them twice asking for our money, the first time they promised us an extra Â£30 for our trouble. On the second call we were told it would take five days to be reimbursed!  Well we are still waiting!  Such awful customer service from your company!  Do you not think that we might need our money?  Take note future customers.  "
692,Have  a  look  at  https://economy10.com  
693,Speaking of renewables any chance of a reply to the email I sent you yesterday in regards to my application for Agile Outgoing thatâ€™s been ongoing 4 weeks pls ğŸ‘ğŸ»ğŸ™
694,Lisa Middleton
695,"I am unable to reply to you on my comment as I keep getting an error message!
But James Miller rang and said my complaint was upheld and it would be sorted. Supposedly from the complaints dept. Working out of coventry?"
696,So.. how does my electric usage go from Â£65 a month Upto Â£159!  We don't even use electric for heat either...
697,Hey! Where's my refund for referal credit?? I have done loads
698,"Hi, I'm not getting a response back from an outstanding query on my smart meter.  I have changed tariff with you 2 days ago and you have taken the payments of the old tariff from my balance.  My smart meter has not been reset and showing continuous use and Bill running up including what I've just paid . Please can someone answer back to me on this."
699,Ok so Octopus Energy how do I get your attention? Iâ€™ve tried complaining by email/ calls /asked for â€˜Tonyâ€™ to call me or a manager. Totally ignored. Iâ€™ve been trying to swop suppliers for almost four weeks. Seriously poor service 
700,"Useless company - charged me Â£360 for gas and electric when I wasnâ€™t a customer, have told me it is fixed but it isnâ€™t so it appears I owe money when I should be in credit "
701,"So after having my last years meter readings and energy bills etc sent to you you then said I would be making a saving by switching to you, reduced monthly payments too at Â£65.00 per month. 
Today after being with you for two months I receive an email saying you need to put my monthly payments up to Â£175.98 ???  
So I'll be paying way way more than ever before with my last supplier.  
Very disappointed to read on here I'm not the only person this has happened too."
702,Agile energy from your company is creeping up and up in price daily. This is starting one of the biggest rip offs i have ever seen. I have monitored your prices since i went onto this tariff and promises of cheaper energy is total crap. How dare you claim too be the cheapest energy provider when on average now agile energy is getting so very expensive. People like myself are living in fuel poverty but what does your company care about that? The answer is simple you don't give a toss about it. The coronavirus pandemic as made life harder for lots of people including myself. Shame on you and shame on your ceo who thinks of nothing more than profit profit profit. And its also a waste of time talking too your reps who just fob you off with total crap too.
703,I have missed my monthly calls from you through illness could you communicate regarding my current meter readings please
704,"Lurline Fowler Lurline Fowler look at all the bad comments and complaints 
I think u may of made a mistake going with them especially with all the problems uv had already!! "
705,Lorna Garnett read the bad comments 
706,Lisa Middleton
707,Well deserved for a fantastic company. Best Energy provider I have had in over 50 years ğŸ‘
708,"I agree with Gordon Martin, absolutely no problems with them."
709,I second above posts what other energy company let's you stop monthly direct debit if your in enough credit to pay for a particular months bill.
710,"Sorted us out with our new build and our meter being switched with our neighbours on the register so we were getting each other's bills.  Was a nightmare to put right being bounced between the different companies and getting nowhere, but when we switched to Octopus they sorted it out by liaising with the other suppliers involved for me and getting it rectified ğŸ‘"
711,Likewise I agree with Gordon Martin! Great company that always keeps you informed should you need to adjust your monthly payments..
712,Yes brilliant company second year now no problems just great service 5 stars
713,"Great company, you just need to sort out your app!"
714,It looks very like a London taxi - is that intentional or just a coincidence?
715,"I started a query with you on Monday, it turned into a complaint as I was getting nowhere.  Now Iâ€™m being completely ignored!  Not a happy customer "
716,Been on to octopus for ages now to sort my account out and have got nowhere since March...
717,Still not heard back from you regarding me in home display unit and the fact you've not been getting readings this has been ongoing for months.... im fed up now of constantly chasing you octopus energy
718,"You guy's are nice.
One or two are a bit smelly!
Not saying who!
But I think you know. ğŸ˜‰"
719,When do we get our smart meters
720,Enjoying the service so far! - How do I get a smart meter installed?
721,"The best I've ever used , keep up the great service"
722,"Enjoying the time of use Agile tariff. Great to see such an innovative and green company. Keep up the great work!
https://youtu.be/bjcqGu0ib5w"
723,Wouldn't want to be with anyone else
724,"We had a good start with Octopus, but we have been made to jump through hoops in order to join your Outgoing Tariff, which we have still not managed after 5 months of back and forward. Travelling at the speed of light or discovering a black hole would be easier... ğŸ˜©ğŸ˜©ğŸ˜©"
725,Love octopus defo the best supplier for me. The app makes it very easy to monitor my spending and make any necessary adjustments to my payments. Only thing they let me and my mate Gemma Louise down on was not winning some beer in the quiz â˜¹ï¸ although maybe we built our hopes up too high 
726,Daniel Bianco
727,Excellent company but still waiting for my smart meter.
728,"Iâ€™m just waiting to get the smart meters, been told that none available but when I contacted sms plc ( smart meter company ) they say there are appointments in my area, but octopus needs to book the appointment.
I think Octopus are a great company but canâ€™t handle all the new customers they are getting.
"
729,Any news on smart meters in Milton Keynes been waiting since before lockdown started
730,"Been with Octopus Energy for over 3 years now. Requested Smart Meters a few months ago. Had them installed soon afterwards, and had updated reads sent to us on a monthly basis. Definitely a good move. Really pleased with Service and Customer Care."
731,"Had my smart meters installed this week after they were cancelled from April due to Covid, a few messsges/emails to chase but understand the back log as with most things! The Engineer was very courteous stuck to social distancing rules and done a great job. Requested to now switch to octopus Go for charging our EV, been told it'll be a week or so as they need to monitor the smart meters, so fingers crossed ğŸ¤love the vans they look great. Looking forward to receiving my plush toy next month too ğŸ™"
732,"Hi Octopus, really having an issue with our gas meter. We have waited 10 weeks for the gas meter to be moved for the engineer to finally come out this morning, for him not to be able to move it. I have emailed, privately DMed ğŸ™ and been on the phone to ask to speak to someone senior to no avail. I rang at 9am. Please can someone contact us. We are beyond annoyed "
733,"I am not sure I would recommend a company that promises to call back and does not and then when you call them they put you on hold for a very long time then cut you off, even worse get through and you get cut off. If you want customers perhaps you should be more customer friendly and call your customers. I am not even a customer of you my belated Father was! Please contact me ASAP I have messaged you!"
734,I'm not getting any answer to my emails or messages. I fear you customer service claimed have gone into free fall
735,Quality program. The Fiat500 was awesome!
736,"Hello,the Octopus sticker has come off my key,please say this won't be an issue as I've got to buy electric to put on it tomorrow."
737,"Hi, I switched to you just over a week ago, first payment came out on 18th. When will I get my Â£50 sign up bonus for using my friends recommend a friend link? Thanks! "
738,"My parents are having problems with their bills, for some reason you are showing that they have 2 gas meters, you are saying that they now owe money, they have been in touch a few times, they were on the phone for over an hour once and then the girl hung up !! Emails have been sent and no replies. I will message you with their email address and I would be pleased if someone can get in touch with them ASAP to sort out the mess.  They certainly do not need this hassle at the moment!! "
739,"Beyond a joke, after 5 days Iâ€™m in tears with frustration trying to get it sorted."
740,Lisa Middleton
741,Lisa Middleton
742,I love bellerin
743,
744,Wowâ¤ï¸â¤ï¸â¤ï¸
745,One love arsenal family
746,Can I cancel 
747,Wow this is soo interesting â¤ï¸ğŸ‘
748,"We love you
100% green"
749,Hmmm....if I'd known about this before I switched to you it's possible that I might have chosen another supplier ğŸ˜ğŸ˜‰ #SpursFanForMySins
750,Javi Mertens
751,"10th June messaged this company, still waiting for a reply. Communication is shocking and always has been.!"
752,Great company.  Great service.  Octopus ğŸ™ Agile is unbeatable. 
753,"we have a fixed contract with octopus until April next year, they have taken double the amount out of my account on two occasions no response from customer services this is fraud and should not have taken this amount out of my account! I do not recommend octopus as a company at all we have had problems with them since signing up"
754,Sophie Miller
755,"Another working week has nearly passed by with no resolution of my billing / refund enquiry, and other questions, whatâ€™s more disappointing is that I have had no communication from octopus as requested and agreed would happen. Just not good enough.  All this and Iâ€™m still a huge fan of the agile tariff."
756,"Not impressed with this company. You entice customers with low prices, then,  when using the same energy each month, your prices somehow increase. It makes no sense."
757,I hear igloo energy may be worth exploring.
758,Messaged Octopus on Thursday no reply. Is it because the email was asking about a better tariff than Iâ€™m currently on?? ğŸ¤” 
759,Hi I'm currently on a smart meter can I switch over to you or not?
760,Well I was debating whether to join Octopus but having just read that and as a life time Gunner I think minds made up ğŸ˜‚
761,Been trying for nearly a week to change over and no one knows their arse from their elbow 
762, Would like a free phone number I can call on my mobile and talk to someone as I am not into thinking non human contact ğŸ¤¨
763,Is it possible to switch on prepayment meter?
764,this is worrying reading these comments.  iâ€™m in the middle of changing to octopus.  think i may cancel
765,I'm a pensioner with disabilities been in total lockdown for four and half months now. I  signed with Octopus in December and live in a high rise storey building in a single bedroom flat. After six months they're forcing me to pay almost doubled per month what my   next door neighbours; a family of four are paying per month!!!. What should I do? I wrote to them but they are still going ahead to increase my Direct debit!!!.
766,Lisa Middleton
767,Lisa Middleton
